id,first_name,last_name,email,gender,car
1,Benetta,Cancott,bcancott0@studiopress.com,Female,Scion
2,Lilyan,Cherry,lcherry1@deliciousdays.com,Female,Chrysler
3,Ezekiel,Benasik,ebenasik2@wikia.com,Male,Mercedes-Benz
4,Kennedy,Atlay,katlay3@so-net.ne.jp,Male,Buick
5,Sanford,Salmen,ssalmen4@reuters.com,Male,Lincoln
6,Ricki,Sheach,rsheach5@nytimes.com,Female,Chevrolet
7,Haroun,Cockitt,hcockitt6@senate.gov,Male,Audi
8,Tuesday,Bortolozzi,tbortolozzi7@bbb.org,Female,Ford
9,Liz,Eplate,leplate8@parallels.com,Female,Mazda
10,Rina,Dwelley,rdwelley9@lycos.com,Female,Geo
11,Giacinta,Ronaldson,gronaldsona@examiner.com,Female,Mercedes-Benz
12,Shelbi,Muir,smuirb@google.co.jp,Female,Volvo
13,Pancho,Ridings,pridingsc@booking.com,Male,Subaru
14,Sharl,Manley,smanleyd@lycos.com,Female,Suzuki
15,Quintus,Willoughway,qwilloughwaye@t.co,Male,Acura
16,Tamara,Greguol,tgreguolf@fotki.com,Female,Chevrolet
17,Janeva,Dives,jdivesg@dyndns.org,Female,Dodge
18,Tades,Yeoland,tyeolandh@dion.ne.jp,Male,Porsche
19,Maxim,Wilsey,mwilseyi@pcworld.com,Male,Subaru
20,Melicent,Clapston,mclapstonj@phpbb.com,Female,Honda
21,Tedmund,Amerighi,tamerighik@businesswire.com,Male,Mitsubishi
22,Lenna,Foynes,lfoynesl@oaic.gov.au,Female,Chrysler
23,Toddy,Batrim,tbatrimm@themeforest.net,Male,GMC
24,Raoul,Rees,rreesn@ca.gov,Male,Saturn
25,Aurilia,McSorley,amcsorleyo@purevolume.com,Female,Bentley
26,Valerie,Boncore,vboncorep@vkontakte.ru,Female,Mercedes-Benz
27,Fiorenze,MacAdie,fmacadieq@homestead.com,Female,Jeep
28,Nicky,Andrin,nandrinr@csmonitor.com,Male,Ford
29,Adrea,Guillet,aguillets@parallels.com,Female,Ford
30,Ame,Gherardini,agherardinit@opensource.org,Female,Lexus
31,Ruggiero,Kunrad,rkunradu@apache.org,Male,Jaguar
32,Reuben,Jeandet,rjeandetv@ibm.com,Male,BMW
33,Tandi,Barlass,tbarlassw@constantcontact.com,Female,Lincoln
34,Brynne,Beardmore,bbeardmorex@tripod.com,Female,Suzuki
35,Wolfie,Bassilashvili,wbassilashviliy@networkadvertising.org,Male,Mercury
36,Merrick,Crowcombe,mcrowcombez@phoca.cz,Male,Volkswagen
37,Langston,Lowre,llowre10@mayoclinic.com,Male,Honda
38,Cordey,Tebbit,ctebbit11@google.com,Female,Lincoln
39,Leticia,Trumble,ltrumble12@angelfire.com,Female,Nissan
40,Derwin,Scocroft,dscocroft13@wunderground.com,Male,Saab
41,Emlynne,Guirard,eguirard14@goo.gl,Female,BMW
42,Archibald,Rennick,arennick15@loc.gov,Male,Dodge
43,Emmery,Andrusyak,eandrusyak16@ucla.edu,Male,Hyundai
44,Pattie,Revie,previe17@mit.edu,Female,Porsche
45,Dukey,Caudrelier,dcaudrelier18@jigsy.com,Male,Dodge
46,Brittney,Rubinchik,brubinchik19@reverbnation.com,Female,Plymouth
47,Clarinda,Jeannenet,cjeannenet1a@people.com.cn,Female,Pontiac
48,Sonja,Jarrelt,sjarrelt1b@cbslocal.com,Female,Suzuki
49,Alwyn,Duggon,aduggon1c@unblog.fr,Male,Mazda
50,Dunstan,Muehler,dmuehler1d@yolasite.com,Male,Mercury
51,Ambrosius,Symcock,asymcock1e@spotify.com,Male,Pontiac
52,Tymon,Blew,tblew1f@uol.com.br,Male,Volvo
53,Vail,Cram,vcram1g@about.me,Male,Lincoln
54,Kean,Balfour,kbalfour1h@nsw.gov.au,Male,Lincoln
55,Hall,Giacometti,hgiacometti1i@wp.com,Male,Chevrolet
56,Haley,Berling,hberling1j@amazon.com,Male,Saab
57,Glori,Graysmark,ggraysmark1k@mayoclinic.com,Female,GMC
58,Gabi,Newbury,gnewbury1l@fda.gov,Female,Volkswagen
59,Kerstin,Collis,kcollis1m@cnet.com,Female,Audi
60,Aylmer,Burgiss,aburgiss1n@pen.io,Male,Hyundai
61,Rebeka,McVeighty,rmcveighty1o@google.pl,Female,GMC
62,Ulrike,St Ledger,ustledger1p@posterous.com,Female,Ford
63,Kristal,Kalkhoven,kkalkhoven1q@europa.eu,Female,Oldsmobile
64,Saxe,Lombard,slombard1r@techcrunch.com,Male,Dodge
65,Cherida,Escolme,cescolme1s@is.gd,Female,Lamborghini
66,Dalston,Chin,dchin1t@abc.net.au,Male,Infiniti
67,Jim,Pelfer,jpelfer1u@house.gov,Male,Mazda
68,Nertie,Greguoli,ngreguoli1v@friendfeed.com,Female,Dodge
69,Fonz,Rubartelli,frubartelli1w@facebook.com,Male,Jeep
70,Homerus,D'Hooge,hdhooge1x@hibu.com,Male,GMC
71,Faber,Gossop,fgossop1y@eventbrite.com,Male,Nissan
72,Tonie,Purse,tpurse1z@usda.gov,Female,Toyota
73,Cristine,Fleet,cfleet20@jimdo.com,Female,Toyota
74,Artair,Sugar,asugar21@europa.eu,Male,Toyota
75,Zolly,Dilnot,zdilnot22@springer.com,Male,Lotus
76,Teodorico,Restall,trestall23@squarespace.com,Male,Mitsubishi
77,Geri,Ovise,govise24@dailymail.co.uk,Male,Lexus
78,Tate,Scrogges,tscrogges25@bloomberg.com,Male,Suzuki
79,Ginnie,Larcombe,glarcombe26@baidu.com,Female,Mercedes-Benz
80,Celie,Loan,cloan27@wordpress.com,Female,Cadillac
81,Euell,Chaster,echaster28@ebay.com,Male,Saturn
82,Letti,Zupa,lzupa29@g.co,Female,GMC
83,Lucian,Grayling,lgrayling2a@tripadvisor.com,Male,Dodge
84,Nickolas,Solloway,nsolloway2b@yellowbook.com,Male,Nissan
85,Adore,D'Oyley,adoyley2c@blogs.com,Female,Chevrolet
86,Kipper,Scaplehorn,kscaplehorn2d@wikimedia.org,Male,Maybach
87,Millisent,Boni,mboni2e@sfgate.com,Female,Volvo
88,Filip,Dougill,fdougill2f@vkontakte.ru,Male,Mitsubishi
89,Melonie,Vineall,mvineall2g@wp.com,Female,MINI
90,Cale,Rosenberg,crosenberg2h@photobucket.com,Male,Mitsubishi
91,Rheta,Fenn,rfenn2i@blog.com,Female,Volkswagen
92,Hilary,Minear,hminear2j@etsy.com,Female,Mercury
93,Constantina,Lockley,clockley2k@domainmarket.com,Female,Hyundai
94,Katrine,Frankcombe,kfrankcombe2l@wunderground.com,Female,Toyota
95,Jarrid,MacKain,jmackain2m@lycos.com,Male,Mercedes-Benz
96,Ned,Alldred,nalldred2n@1und1.de,Male,Volkswagen
97,Karla,Oakwood,koakwood2o@g.co,Female,Hyundai
98,Say,Peatman,speatman2p@addthis.com,Male,Lamborghini
99,Morse,Yann,myann2q@globo.com,Male,Saab
100,Jennilee,Bigly,jbigly2r@fc2.com,Female,Lotus
101,Abel,Ramey,aramey2s@newsvine.com,Male,Eagle
102,Isabel,Cooch,icooch2t@yellowbook.com,Female,Dodge
103,Sarine,Richold,srichold2u@histats.com,Female,Mercedes-Benz
104,Harp,Delepine,hdelepine2v@acquirethisname.com,Male,Maybach
105,Waldo,Bows,wbows2w@yahoo.com,Male,Ford
106,Gene,Yter,gyter2x@163.com,Female,Honda
107,Lelia,Fryman,lfryman2y@apple.com,Female,Ford
108,Hyacinthia,Sincock,hsincock2z@weebly.com,Female,Morgan
109,Aylmer,Vayne,avayne30@drupal.org,Male,Nissan
110,Justin,Gettone,jgettone31@kickstarter.com,Male,Pontiac
111,Stefania,Gorghetto,sgorghetto32@skyrock.com,Female,GMC
112,Leigh,Ferriman,lferriman33@scribd.com,Female,Chrysler
113,Waverly,Huggin,whuggin34@woothemes.com,Male,Pontiac
114,Cesare,Vink,cvink35@mozilla.com,Male,Dodge
115,Tracey,Hendin,thendin36@ihg.com,Female,Ford
116,Stinky,Webborn,swebborn37@hhs.gov,Male,Toyota
117,Trudey,Tosspell,ttosspell38@guardian.co.uk,Female,Toyota
118,Boy,Szymonowicz,bszymonowicz39@telegraph.co.uk,Male,Maybach
119,Torre,Kubala,tkubala3a@dyndns.org,Male,Chevrolet
120,Jenica,Ratazzi,jratazzi3b@fema.gov,Female,Honda
121,Tannie,Torbard,ttorbard3c@reference.com,Male,Honda
122,Teador,Ditchett,tditchett3d@indiegogo.com,Male,Mitsubishi
123,Agathe,Gumery,agumery3e@gmpg.org,Female,Pontiac
124,Cos,Wyke,cwyke3f@booking.com,Male,Buick
125,Dunc,Klein,dklein3g@qq.com,Male,Volkswagen
126,Cristal,Kuna,ckuna3h@stanford.edu,Female,Mitsubishi
127,Philly,Loughhead,ploughhead3i@51.la,Female,Nissan
128,Gerrie,Honywill,ghonywill3j@123-reg.co.uk,Male,Pontiac
129,Gregory,Hurleston,ghurleston3k@fema.gov,Male,Chevrolet
130,Emelen,Manderson,emanderson3l@gov.uk,Male,Pontiac
131,Iggie,Dumbell,idumbell3m@weebly.com,Male,Land Rover
132,Antonia,Parman,aparman3n@eepurl.com,Female,Lexus
133,Curtis,Cristou,ccristou3o@dot.gov,Male,Pontiac
134,Teodora,Borgesio,tborgesio3p@seesaa.net,Female,Land Rover
135,Trudy,Rodenburg,trodenburg3q@nps.gov,Female,Chevrolet
136,Elvina,Ismay,eismay3r@dedecms.com,Female,Porsche
137,Hilde,Pocknoll,hpocknoll3s@state.gov,Female,Infiniti
138,Nathalie,Hawgood,nhawgood3t@prweb.com,Female,Acura
139,Berry,Brambill,bbrambill3u@addtoany.com,Female,Toyota
140,Elita,Domelow,edomelow3v@businesswire.com,Female,Ford
141,Elyse,Bound,ebound3w@earthlink.net,Female,Plymouth
142,Ancell,Norwood,anorwood3x@nyu.edu,Male,Aptera
143,Adlai,Langmead,alangmead3y@w3.org,Male,Daewoo
144,Stearn,Spridgen,sspridgen3z@e-recht24.de,Male,Dodge
145,Ibrahim,Haestier,ihaestier40@usatoday.com,Male,Hyundai
146,Claudianus,Edmonds,cedmonds41@ucla.edu,Male,Lexus
147,Dorey,Creboe,dcreboe42@biglobe.ne.jp,Male,Chrysler
148,Leontyne,Borell,lborell43@google.de,Female,Mazda
149,Ruthi,Aked,raked44@linkedin.com,Female,Chevrolet
150,Andros,Grigolashvill,agrigolashvill45@opensource.org,Male,Ford
151,Alysia,Roscoe,aroscoe46@typepad.com,Female,Mercedes-Benz
152,Erika,Hoble,ehoble47@yahoo.com,Female,Chevrolet
153,Noland,Tillard,ntillard48@istockphoto.com,Male,Chevrolet
154,Cirstoforo,Myhill,cmyhill49@amazon.de,Male,Hyundai
155,Lorine,Pegrum,lpegrum4a@vinaora.com,Female,Toyota
156,Torie,Davydzenko,tdavydzenko4b@bbc.co.uk,Female,Ford
157,Anson,Daykin,adaykin4c@netvibes.com,Male,Mercedes-Benz
158,Kate,Hawtrey,khawtrey4d@cnet.com,Female,Cadillac
159,Marigold,Mulmuray,mmulmuray4e@purevolume.com,Female,Dodge
160,Angel,Jellings,ajellings4f@fda.gov,Male,Volkswagen
161,Hilly,Vosse,hvosse4g@omniture.com,Male,Mercedes-Benz
162,Keven,Wooster,kwooster4h@cbsnews.com,Male,Dodge
163,Nada,Marmion,nmarmion4i@odnoklassniki.ru,Female,Cadillac
164,Corrie,Dukesbury,cdukesbury4j@gov.uk,Male,Toyota
165,Sadye,Healings,shealings4k@umn.edu,Female,Ford
166,Cedric,Kerner,ckerner4l@google.ru,Male,GMC
167,Burr,Nijs,bnijs4m@wordpress.org,Male,Toyota
168,Bellanca,Dibbin,bdibbin4n@dedecms.com,Female,Honda
169,Elysha,D'Ambrogi,edambrogi4o@disqus.com,Female,Jeep
170,Orton,Aim,oaim4p@state.gov,Male,Land Rover
171,Samaria,Penner,spenner4q@dion.ne.jp,Female,Chevrolet
172,Allie,Wittrington,awittrington4r@msn.com,Male,Ford
173,Andrei,Lownie,alownie4s@constantcontact.com,Female,Chrysler
174,Micky,Mussen,mmussen4t@shareasale.com,Male,Chrysler
175,Ulberto,Copcutt,ucopcutt4u@house.gov,Male,BMW
176,Jennee,Deverick,jdeverick4v@shutterfly.com,Female,Dodge
177,Puff,Carnachen,pcarnachen4w@ox.ac.uk,Male,Ford
178,Conchita,Weson,cweson4x@epa.gov,Female,Volkswagen
179,Morena,Denerley,mdenerley4y@timesonline.co.uk,Female,Subaru
180,Fredric,Selman,fselman4z@mlb.com,Male,GMC
181,Rochette,Ammer,rammer50@fema.gov,Female,Mercury
182,Rice,Bastistini,rbastistini51@github.com,Male,Audi
183,Nap,Cave,ncave52@domainmarket.com,Male,GMC
184,Lizette,Scholefield,lscholefield53@uol.com.br,Female,Plymouth
185,Hillel,Maymond,hmaymond54@addtoany.com,Male,Lincoln
186,Angelique,Willan,awillan55@indiatimes.com,Female,Volvo
187,Darda,Soots,dsoots56@google.es,Female,Chrysler
188,Baudoin,Crumby,bcrumby57@networkadvertising.org,Male,Nissan
189,Englebert,Swanton,eswanton58@google.fr,Male,Mercury
190,Errick,Pearsall,epearsall59@sohu.com,Male,Chevrolet
191,Morris,Andrews,mandrews5a@seattletimes.com,Male,Dodge
192,Stevena,Burril,sburril5b@cnn.com,Female,Plymouth
193,Augie,Reedy,areedy5c@scribd.com,Male,GMC
194,Hank,Writer,hwriter5d@huffingtonpost.com,Male,Audi
195,Ario,Lambol,alambol5e@cbslocal.com,Male,Toyota
196,Davis,Wreiford,dwreiford5f@tiny.cc,Male,Land Rover
197,Griselda,Housaman,ghousaman5g@wordpress.org,Female,Lincoln
198,Mariska,Nalder,mnalder5h@miitbeian.gov.cn,Female,BMW
199,Charity,Abbate,cabbate5i@last.fm,Female,Honda
200,Marijn,Blomfield,mblomfield5j@live.com,Male,Mazda
201,Merrilee,Cadney,mcadney5k@bluehost.com,Female,Volkswagen
202,Gilbertine,Linebarger,glinebarger5l@hp.com,Female,Infiniti
203,Che,Wyndham,cwyndham5m@cbc.ca,Male,GMC
204,Conney,Mazillius,cmazillius5n@google.co.uk,Male,Plymouth
205,Saxe,Ebenezer,sebenezer5o@toplist.cz,Male,Mercury
206,Towney,Mawdsley,tmawdsley5p@bluehost.com,Male,Chevrolet
207,Jeffy,Tufts,jtufts5q@marriott.com,Male,Chevrolet
208,Norton,Pender,npender5r@forbes.com,Male,Mercedes-Benz
209,Ashlee,Rosenhaupt,arosenhaupt5s@sciencedaily.com,Female,Volvo
210,Lucas,Drewet,ldrewet5t@diigo.com,Male,Isuzu
211,Haily,Liebmann,hliebmann5u@va.gov,Male,Chevrolet
212,Gavan,Ronci,gronci5v@yellowbook.com,Male,Toyota
213,Terri,Elnor,telnor5w@cdc.gov,Male,Dodge
214,Micheline,Long,mlong5x@jigsy.com,Female,Toyota
215,Georges,Harvison,gharvison5y@over-blog.com,Male,Ford
216,Brig,Witcher,bwitcher5z@list-manage.com,Male,Subaru
217,Sam,Dent,sdent60@disqus.com,Female,Oldsmobile
218,Skye,Roxburch,sroxburch61@slashdot.org,Male,Mazda
219,Arman,Parradine,aparradine62@jiathis.com,Male,Lexus
220,Bran,Witchalls,bwitchalls63@typepad.com,Male,Volkswagen
221,Tatum,Broadnicke,tbroadnicke64@delicious.com,Female,Chevrolet
222,Maxwell,Grotty,mgrotty65@nsw.gov.au,Male,Jaguar
223,Willetta,Di Frisco,wdifrisco66@fotki.com,Female,Dodge
224,Alysa,Stanners,astanners67@nasa.gov,Female,Volkswagen
225,Kristan,Ellesworthe,kellesworthe68@joomla.org,Female,Mazda
226,Carree,Stapforth,cstapforth69@ning.com,Female,Toyota
227,Grace,Peerman,gpeerman6a@examiner.com,Male,Chevrolet
228,Robb,Aldwich,raldwich6b@merriam-webster.com,Male,Isuzu
229,Leanora,MacAlpyne,lmacalpyne6c@baidu.com,Female,Chevrolet
230,Hakim,Harvett,hharvett6d@diigo.com,Male,Toyota
231,Walt,Myring,wmyring6e@aboutads.info,Male,Pontiac
232,Bear,Mewrcik,bmewrcik6f@ycombinator.com,Male,Chevrolet
233,Kristofer,Scripture,kscripture6g@bloglines.com,Male,Cadillac
234,Debbi,Lalor,dlalor6h@foxnews.com,Female,Ford
235,Arline,Cutill,acutill6i@example.com,Female,Volvo
236,Orbadiah,Forsaith,oforsaith6j@ucsd.edu,Male,Subaru
237,Scot,Turban,sturban6k@drupal.org,Male,Cadillac
238,Suzi,Pauleau,spauleau6l@fastcompany.com,Female,Chevrolet
239,Denny,Ghidelli,dghidelli6m@fda.gov,Male,Dodge
240,Hallsy,Macvey,hmacvey6n@chicagotribune.com,Male,Infiniti
241,Rey,Morgen,rmorgen6o@ifeng.com,Female,Ferrari
242,Angelo,McCarter,amccarter6p@google.co.uk,Male,Plymouth
243,Dallas,Dudgeon,ddudgeon6q@blinklist.com,Male,Ford
244,Osbourne,Yaakov,oyaakov6r@woothemes.com,Male,Suzuki
245,Noami,Danelet,ndanelet6s@nytimes.com,Female,Toyota
246,Paddy,Skoughman,pskoughman6t@google.co.uk,Male,Ford
247,Mendel,Mcsarry,mmcsarry6u@oaic.gov.au,Male,Buick
248,Karine,Starmont,kstarmont6v@lycos.com,Female,Maybach
249,Allin,McGuigan,amcguigan6w@ning.com,Male,Chevrolet
250,Bryan,McAndie,bmcandie6x@mail.ru,Male,Ford
251,Fax,Grigoliis,fgrigoliis6y@digg.com,Male,Dodge
252,Helen-elizabeth,Lope,hlope6z@elegantthemes.com,Female,Infiniti
253,Joey,MacHostie,jmachostie70@posterous.com,Male,Nissan
254,Nissa,Harken,nharken71@smh.com.au,Female,Mazda
255,Alyson,Elwood,aelwood72@google.co.jp,Female,Toyota
256,Ignacius,Towey,itowey73@cam.ac.uk,Male,Pontiac
257,Nicolea,Blesli,nblesli74@go.com,Female,Acura
258,Shea,Avo,savo75@prnewswire.com,Female,Nissan
259,Christophe,Sparks,csparks76@kickstarter.com,Male,Suzuki
260,Patrica,Spinella,pspinella77@prweb.com,Female,Chevrolet
261,Ethel,Flanders,eflanders78@berkeley.edu,Female,BMW
262,Boothe,Nardi,bnardi79@google.cn,Male,Ford
263,Laurens,Moat,lmoat7a@soup.io,Male,Ford
264,Pepillo,Matyushenko,pmatyushenko7b@i2i.jp,Male,Pontiac
265,Hall,Rumin,hrumin7c@paypal.com,Male,Lincoln
266,Manya,Hamley,mhamley7d@geocities.com,Female,Jeep
267,Allen,Stonier,astonier7e@cisco.com,Male,Chevrolet
268,Ramsay,Arunowicz,rarunowicz7f@rambler.ru,Male,Volkswagen
269,Brinn,Davydoch,bdavydoch7g@cnbc.com,Female,Porsche
270,Laure,Jeannequin,ljeannequin7h@studiopress.com,Female,Mazda
271,Suellen,Baynom,sbaynom7i@va.gov,Female,BMW
272,Lorri,McCarroll,lmccarroll7j@twitpic.com,Female,Subaru
273,Miller,Naismith,mnaismith7k@wordpress.org,Male,Subaru
274,Rhiamon,Hember,rhember7l@altervista.org,Female,Buick
275,Chickie,Slater,cslater7m@archive.org,Male,Ford
276,Birk,Jebb,bjebb7n@themeforest.net,Male,Chevrolet
277,Sapphira,Dik,sdik7o@abc.net.au,Female,Mazda
278,Dick,Yarnall,dyarnall7p@sciencedirect.com,Male,Hyundai
279,Marion,Tembridge,mtembridge7q@va.gov,Male,Dodge
280,Karna,Antognoni,kantognoni7r@mapy.cz,Female,Hyundai
281,Clo,Lowres,clowres7s@slashdot.org,Female,Hyundai
282,Aymer,Coorington,acoorington7t@cnet.com,Male,Buick
283,Mayer,Davidovich,mdavidovich7u@example.com,Male,Mercury
284,Cecilius,Bartoszewicz,cbartoszewicz7v@gizmodo.com,Male,Oldsmobile
285,Brittani,Lavies,blavies7w@economist.com,Female,Dodge
286,Dacia,McCumesky,dmccumesky7x@independent.co.uk,Female,Acura
287,Hubert,Rustman,hrustman7y@seesaa.net,Male,Volvo
288,Humfrid,Smorthit,hsmorthit7z@imgur.com,Male,Alfa Romeo
289,Haslett,Astin,hastin80@mysql.com,Male,Oldsmobile
290,Martie,Pach,mpach81@deviantart.com,Male,Chevrolet
291,Van,Cawdron,vcawdron82@phpbb.com,Female,Audi
292,Rafaelita,Frondt,rfrondt83@oakley.com,Female,Toyota
293,Ancell,Strick,astrick84@wp.com,Male,Hummer
294,Mariellen,Rowlatt,mrowlatt85@bloglovin.com,Female,Suzuki
295,Cecilius,Lakes,clakes86@nhs.uk,Male,Volvo
296,Craig,McGookin,cmcgookin87@free.fr,Male,Saab
297,Donelle,Bavidge,dbavidge88@discovery.com,Female,Subaru
298,Phillida,Muselli,pmuselli89@opensource.org,Female,Dodge
299,Bobbette,Gwalter,bgwalter8a@businesswire.com,Female,Pontiac
300,Murvyn,Leathlay,mleathlay8b@mayoclinic.com,Male,Buick
301,Peggi,Peet,ppeet8c@github.io,Female,Chevrolet
302,Didi,Siggee,dsiggee8d@github.com,Female,Infiniti
303,Dion,Wrout,dwrout8e@usda.gov,Female,Mazda
304,Abey,Motion,amotion8f@gmpg.org,Male,Dodge
305,Hillary,Copping,hcopping8g@cmu.edu,Female,Dodge
306,Niccolo,Barrowclough,nbarrowclough8h@usatoday.com,Male,Mercury
307,Dionisio,Zylbermann,dzylbermann8i@cnbc.com,Male,GMC
308,Sloane,Bamlet,sbamlet8j@jimdo.com,Male,Cadillac
309,Hughie,Sanney,hsanney8k@zimbio.com,Male,Mercury
310,Harlen,Bryenton,hbryenton8l@abc.net.au,Male,Infiniti
311,Ashely,Fendley,afendley8m@addtoany.com,Female,Pontiac
312,Umeko,Kalkofen,ukalkofen8n@bbc.co.uk,Female,BMW
313,Grayce,Foster,gfoster8o@theatlantic.com,Female,Subaru
314,Griffie,Kahane,gkahane8p@vimeo.com,Male,Ford
315,Marvin,Pennini,mpennini8q@twitter.com,Male,Mitsubishi
316,Emelina,Yanshinov,eyanshinov8r@example.com,Female,Mercedes-Benz
317,Odetta,Meriel,omeriel8s@nsw.gov.au,Female,Buick
318,Thedric,Bottom,tbottom8t@amazon.com,Male,Subaru
319,Lyon,Debenham,ldebenham8u@storify.com,Male,Volvo
320,Gusty,Lanceter,glanceter8v@sogou.com,Female,Chrysler
321,Knox,Entwhistle,kentwhistle8w@ftc.gov,Male,Honda
322,Alana,Hamal,ahamal8x@tmall.com,Female,GMC
323,Elie,Kennsley,ekennsley8y@unicef.org,Female,Lexus
324,Wainwright,Eisak,weisak8z@wiley.com,Male,Acura
325,Bernadette,Camilio,bcamilio90@disqus.com,Female,Mitsubishi
326,Vere,Hargerie,vhargerie91@devhub.com,Female,Volvo
327,Betteann,Dallender,bdallender92@who.int,Female,Chevrolet
328,Tori,McKeowon,tmckeowon93@de.vu,Female,Mazda
329,Annabell,Griffen,agriffen94@bing.com,Female,Ford
330,Tann,Bonhomme,tbonhomme95@phpbb.com,Male,Mercedes-Benz
331,Moishe,Red,mred96@ocn.ne.jp,Male,Mitsubishi
332,Kerr,Kitchinghan,kkitchinghan97@gnu.org,Male,Lexus
333,Normand,Rycroft,nrycroft98@cdbaby.com,Male,Jaguar
334,Corrianne,de Mullett,cdemullett99@virginia.edu,Female,Ford
335,Norby,Kensit,nkensit9a@rediff.com,Male,Lexus
336,Burton,Fergyson,bfergyson9b@state.gov,Male,Honda
337,Chalmers,Scutts,cscutts9c@elegantthemes.com,Male,Acura
338,Putnam,Brunelli,pbrunelli9d@goo.gl,Male,Porsche
339,Pierre,Geldart,pgeldart9e@typepad.com,Male,Saab
340,Pasquale,Ballsdon,pballsdon9f@ucoz.ru,Male,Lamborghini
341,Roman,Scipsey,rscipsey9g@wsj.com,Male,Dodge
342,Millisent,Fredi,mfredi9h@cnet.com,Female,Nissan
343,Angeli,Borles,aborles9i@51.la,Male,Toyota
344,Mitchell,Cayette,mcayette9j@reuters.com,Male,Toyota
345,Waldo,Worvell,wworvell9k@mapquest.com,Male,Subaru
346,Christy,Daskiewicz,cdaskiewicz9l@miitbeian.gov.cn,Male,BMW
347,Babette,Cowper,bcowper9m@cbslocal.com,Female,Acura
348,Janelle,Begg,jbegg9n@google.co.jp,Female,Mitsubishi
349,Mersey,Hanne,mhanne9o@blogger.com,Female,Dodge
350,Torrey,Braney,tbraney9p@comsenz.com,Male,Honda
351,Farr,Eakle,feakle9q@weather.com,Male,Nissan
352,Stern,Pothergill,spothergill9r@senate.gov,Male,Toyota
353,Lorrie,Barabisch,lbarabisch9s@digg.com,Female,Bentley
354,Dan,Sautter,dsautter9t@webmd.com,Male,GMC
355,Callie,Jowle,cjowle9u@mashable.com,Female,Suzuki
356,Manda,Wingeat,mwingeat9v@arizona.edu,Female,Mercedes-Benz
357,Brendin,Espinel,bespinel9w@yandex.ru,Male,Mitsubishi
358,Heath,Silliman,hsilliman9x@woothemes.com,Female,Honda
359,Gray,Huster,ghuster9y@behance.net,Male,Land Rover
360,Conroy,Hibling,chibling9z@over-blog.com,Male,Chevrolet
361,Dun,Whiteford,dwhiteforda0@feedburner.com,Male,Toyota
362,Nichole,McOwen,nmcowena1@ox.ac.uk,Female,Scion
363,Culver,Husband,chusbanda2@marketwatch.com,Male,Lexus
364,Maryann,Comer,mcomera3@epa.gov,Female,Subaru
365,Ricard,Spores,rsporesa4@senate.gov,Male,Volkswagen
366,Howey,Steven,hstevena5@clickbank.net,Male,Lexus
367,Keely,Lemmens,klemmensa6@whitehouse.gov,Female,Dodge
368,Drusilla,Keppie,dkeppiea7@ezinearticles.com,Female,Volkswagen
369,Dot,Turgoose,dturgoosea8@foxnews.com,Female,Chevrolet
370,Urbanus,Stoeck,ustoecka9@ezinearticles.com,Male,Audi
371,Randal,Bozier,rbozieraa@multiply.com,Male,Eagle
372,Alard,Whinray,awhinrayab@1688.com,Male,Volkswagen
373,Patrick,Banner,pbannerac@bandcamp.com,Male,Hyundai
374,Gene,Meth,gmethad@instagram.com,Male,Acura
375,Darcee,Thebeau,dthebeauae@surveymonkey.com,Female,Toyota
376,Arri,Ingledow,aingledowaf@nps.gov,Male,Volkswagen
377,Grove,Lindup,glindupag@businesswire.com,Male,Lotus
378,Ronni,Thoumas,rthoumasah@edublogs.org,Female,Volkswagen
379,Miner,Haddington,mhaddingtonai@slideshare.net,Male,Pontiac
380,Freddy,Skoyles,fskoylesaj@discovery.com,Male,Ford
381,Pru,Spileman,pspilemanak@paginegialle.it,Female,GMC
382,Randolf,Diwell,rdiwellal@over-blog.com,Male,Mazda
383,Joane,Ellcome,jellcomeam@imageshack.us,Female,Hyundai
384,Carie,Peile,cpeilean@slate.com,Female,Hyundai
385,Terrence,McMorland,tmcmorlandao@hatena.ne.jp,Male,Ford
386,Lauree,Kalderon,lkalderonap@apache.org,Female,Mazda
387,Darin,Finlry,dfinlryaq@jugem.jp,Male,Volkswagen
388,Durward,Mead,dmeadar@edublogs.org,Male,GMC
389,Rowland,Dudbridge,rdudbridgeas@fotki.com,Male,Volkswagen
390,Kilian,Lomasny,klomasnyat@tumblr.com,Male,Kia
391,Eddie,Hartus,ehartusau@toplist.cz,Male,Ford
392,Glynn,Bagnal,gbagnalav@geocities.com,Male,Toyota
393,Lorrie,Gilbey,lgilbeyaw@wikia.com,Female,Land Rover
394,Celestyn,Kem,ckemax@independent.co.uk,Female,Nissan
395,Sandor,Satterley,ssatterleyay@usgs.gov,Male,Mazda
396,Irina,Hannam,ihannamaz@loc.gov,Female,Mercedes-Benz
397,Boone,Padula,bpadulab0@themeforest.net,Male,BMW
398,Ludovika,Scottrell,lscottrellb1@ca.gov,Female,Chrysler
399,Georgi,Ivashchenko,givashchenkob2@diigo.com,Male,Volkswagen
400,Abbe,Samart,asamartb3@flickr.com,Female,Chevrolet
401,Wade,Petrina,wpetrinab4@photobucket.com,Male,Chevrolet
402,Lon,Pallister,lpallisterb5@plala.or.jp,Male,Chrysler
403,Terencio,Willimot,twillimotb6@seesaa.net,Male,Mercedes-Benz
404,Arlan,Shoppee,ashoppeeb7@ucsd.edu,Male,Dodge
405,Elga,Soppeth,esoppethb8@youtu.be,Female,Tesla
406,Zelma,Tuckwood,ztuckwoodb9@jugem.jp,Female,Nissan
407,Melody,Stoakley,mstoakleyba@e-recht24.de,Female,Mitsubishi
408,David,Elsdon,delsdonbb@opensource.org,Male,Subaru
409,Vanda,Stacey,vstaceybc@princeton.edu,Female,Ford
410,Rickert,Cockram,rcockrambd@shareasale.com,Male,Pontiac
411,Gibb,Hamner,ghamnerbe@goodreads.com,Male,Infiniti
412,Helen,Holdin,hholdinbf@jiathis.com,Female,Land Rover
413,Steffane,McVeigh,smcveighbg@macromedia.com,Female,BMW
414,Frederic,Scahill,fscahillbh@stumbleupon.com,Male,Ford
415,Haven,Dellenbach,hdellenbachbi@meetup.com,Male,Jeep
416,Carling,Gonnard,cgonnardbj@vkontakte.ru,Male,Ford
417,Boycie,Wylam,bwylambk@buzzfeed.com,Male,Daewoo
418,Lilas,Impleton,limpletonbl@naver.com,Female,Subaru
419,Morlee,Breckon,mbreckonbm@wix.com,Male,Infiniti
420,Avram,Vaskov,avaskovbn@paginegialle.it,Male,Saab
421,Muffin,Lubbock,mlubbockbo@acquirethisname.com,Female,Mercedes-Benz
422,Bonnie,MacColl,bmaccollbp@typepad.com,Female,Subaru
423,Engelbert,Vargas,evargasbq@naver.com,Male,Chevrolet
424,Lamont,Bottby,lbottbybr@deviantart.com,Male,Chevrolet
425,Robinette,Alp,ralpbs@wikipedia.org,Female,Ford
426,Gearard,Onions,gonionsbt@skype.com,Male,Suzuki
427,Mile,Goggan,mgogganbu@state.tx.us,Male,Nissan
428,Cary,Ewdale,cewdalebv@ted.com,Female,Chevrolet
429,Lula,Barke,lbarkebw@businessinsider.com,Female,Chevrolet
430,Nanine,Izod,nizodbx@mac.com,Female,Lexus
431,Cherida,Walhedd,cwalheddby@google.ru,Female,Mitsubishi
432,Norry,Kittless,nkittlessbz@usnews.com,Male,Suzuki
433,Sigismondo,Dumingos,sdumingosc0@tripod.com,Male,Bentley
434,Ashly,Beddis,abeddisc1@symantec.com,Female,Saab
435,Daven,Calvert,dcalvertc2@php.net,Male,Dodge
436,Mickie,Chadwen,mchadwenc3@hud.gov,Male,Dodge
437,Roman,Veneur,rveneurc4@google.fr,Male,GMC
438,Stephan,Purcer,spurcerc5@networksolutions.com,Male,Mazda
439,Ardis,Letixier,aletixierc6@gov.uk,Female,Pontiac
440,Lexie,Taggett,ltaggettc7@archive.org,Female,Cadillac
441,Golda,Ganning,gganningc8@istockphoto.com,Female,Bentley
442,Saunders,Wells,swellsc9@yandex.ru,Male,Audi
443,Jelene,Walkley,jwalkleyca@usgs.gov,Female,Ford
444,Linell,Iwanowski,liwanowskicb@sourceforge.net,Female,Mercedes-Benz
445,Gayelord,Heine,gheinecc@nih.gov,Male,Chevrolet
446,Costa,Batterton,cbattertoncd@independent.co.uk,Male,Chevrolet
447,Thoma,Hirschmann,thirschmannce@meetup.com,Male,Land Rover
448,Natka,Paddle,npaddlecf@naver.com,Female,BMW
449,Darius,Longcaster,dlongcastercg@desdev.cn,Male,Dodge
450,Brigitta,Harbisher,bharbisherch@de.vu,Female,Toyota
451,Rae,Richards,rrichardsci@woothemes.com,Female,Pontiac
452,Bartholemy,McGoon,bmcgooncj@columbia.edu,Male,Subaru
453,Murry,Hammant,mhammantck@arizona.edu,Male,Nissan
454,Evangelin,Brassill,ebrassillcl@businesswire.com,Female,Mitsubishi
455,Galven,Linskill,glinskillcm@zdnet.com,Male,Toyota
456,Joice,Kipping,jkippingcn@princeton.edu,Female,Pontiac
457,Sheffield,Spere,sspereco@hp.com,Male,Volvo
458,Mychal,Cammish,mcammishcp@army.mil,Male,Chevrolet
459,Trudey,Bullcock,tbullcockcq@ovh.net,Female,Chevrolet
460,Gannon,Gane,gganecr@washington.edu,Male,GMC
461,Donn,Scholtis,dscholtiscs@scribd.com,Male,Mazda
462,Celestyna,Hauxby,chauxbyct@miitbeian.gov.cn,Female,Pontiac
463,Evyn,Bayfield,ebayfieldcu@w3.org,Male,Cadillac
464,Harley,Courage,hcouragecv@noaa.gov,Male,Mercury
465,Marlow,Betancourt,mbetancourtcw@abc.net.au,Male,Ford
466,Renelle,Hixley,rhixleycx@biglobe.ne.jp,Female,Lincoln
467,Keir,Sainter,ksaintercy@reddit.com,Male,Pontiac
468,Katrine,Marjanski,kmarjanskicz@imgur.com,Female,Infiniti
469,Mickie,Mallett,mmallettd0@cpanel.net,Female,Nissan
470,Ring,Gillingham,rgillinghamd1@jigsy.com,Male,Pontiac
471,Gavrielle,Manlow,gmanlowd2@skyrock.com,Female,Mitsubishi
472,Rudiger,Janzen,rjanzend3@paginegialle.it,Male,Ford
473,Erny,Stovin,estovind4@census.gov,Male,Chevrolet
474,Kinsley,Berkely,kberkelyd5@bloomberg.com,Male,Acura
475,Morton,Schoffel,mschoffeld6@disqus.com,Male,Toyota
476,Fanny,Vossgen,fvossgend7@canalblog.com,Female,Dodge
477,Gayle,Stemp,gstempd8@webnode.com,Female,Pontiac
478,Elise,Harsnep,eharsnepd9@webs.com,Female,Honda
479,Bird,Andreev,bandreevda@apache.org,Female,Infiniti
480,Sandor,Carlson,scarlsondb@ted.com,Male,Chrysler
481,Siegfried,Allingham,sallinghamdc@wisc.edu,Male,Porsche
482,Davidson,Stanfield,dstanfielddd@whitehouse.gov,Male,Volkswagen
483,Keen,Blowfelde,kblowfeldede@oakley.com,Male,Jaguar
484,Rosaline,Boakes,rboakesdf@patch.com,Female,Kia
485,Angie,Foxten,afoxtendg@plala.or.jp,Female,Dodge
486,Carine,Olford,colforddh@bravesites.com,Female,Honda
487,Shaylynn,Kretschmer,skretschmerdi@senate.gov,Female,Acura
488,Hoebart,Clemmensen,hclemmensendj@cpanel.net,Male,Nissan
489,Karine,Vousden,kvousdendk@va.gov,Female,Lincoln
490,Lyn,Wards,lwardsdl@state.gov,Female,Mitsubishi
491,Erasmus,Davidavidovics,edavidavidovicsdm@bigcartel.com,Male,Volkswagen
492,Nilson,Baldick,nbaldickdn@purevolume.com,Male,Mercury
493,Mercy,Blabey,mblabeydo@psu.edu,Female,Ford
494,Shane,Brumbye,sbrumbyedp@meetup.com,Male,GMC
495,Novelia,Reddick,nreddickdq@ow.ly,Female,Cadillac
496,Winslow,Wallentin,wwallentindr@cnn.com,Male,BMW
497,Maude,Tomaszewicz,mtomaszewiczds@addtoany.com,Female,Lexus
498,Stanton,Gooddie,sgooddiedt@npr.org,Male,Honda
499,Emiline,Bertomeu,ebertomeudu@cdbaby.com,Female,Pontiac
500,Thaddeus,Pizzey,tpizzeydv@ucoz.ru,Male,Mercedes-Benz
501,Reginauld,Gartenfeld,rgartenfelddw@live.com,Male,Nissan
502,Harald,Pieracci,hpieraccidx@elegantthemes.com,Male,Ram
503,Engelbert,Pascho,epaschody@cloudflare.com,Male,Chevrolet
504,Starlene,Kenningley,skenningleydz@apple.com,Female,Volkswagen
505,Pierette,Cauley,pcauleye0@dedecms.com,Female,Chevrolet
506,Ida,Harlin,iharline1@unicef.org,Female,Suzuki
507,Steffen,Roskruge,sroskrugee2@youtube.com,Male,Infiniti
508,Weber,Sharrocks,wsharrockse3@csmonitor.com,Male,Ford
509,Clyde,Leary,clearye4@engadget.com,Male,Lincoln
510,Marijo,Flecknell,mflecknelle5@opensource.org,Female,Lincoln
511,Wood,Merryman,wmerrymane6@is.gd,Male,Chrysler
512,Marieann,Izakof,mizakofe7@irs.gov,Female,Chevrolet
513,Ericka,Bernard,ebernarde8@telegraph.co.uk,Female,GMC
514,Janka,Follis,jfollise9@nsw.gov.au,Female,Chevrolet
515,Liana,Cronkshaw,lcronkshawea@networkadvertising.org,Female,Jaguar
516,Even,Pawlaczyk,epawlaczykeb@163.com,Male,Lincoln
517,Finlay,Prestwich,fprestwichec@google.nl,Male,Honda
518,Howard,Pitway,hpitwayed@newsvine.com,Male,Mazda
519,Debera,Shapter,dshapteree@cisco.com,Female,Lincoln
520,Obed,Parradye,oparradyeef@plala.or.jp,Male,Volvo
521,Hilton,Weafer,hweafereg@mtv.com,Male,BMW
522,Hermina,Osborne,hosborneeh@sina.com.cn,Female,Jeep
523,Alexandro,Bernardoux,abernardouxei@facebook.com,Male,Mitsubishi
524,Herculie,Brookesbie,hbrookesbieej@ameblo.jp,Male,Dodge
525,Camila,Exon,cexonek@auda.org.au,Female,Ford
526,Brit,O'Moylane,bomoylaneel@twitpic.com,Male,Mazda
527,Jermaine,Van Baaren,jvanbaarenem@bravesites.com,Male,GMC
528,Mervin,Madders,mmaddersen@businessweek.com,Male,Mercedes-Benz
529,Lorelle,Beavington,lbeavingtoneo@drupal.org,Female,Volkswagen
530,Laverne,Medforth,lmedforthep@weather.com,Female,Ford
531,Dudley,Keast,dkeasteq@zdnet.com,Male,Mazda
532,Verna,McShirrie,vmcshirrieer@netscape.com,Female,Chrysler
533,Emmaline,Seiler,eseileres@theguardian.com,Female,Chevrolet
534,Garvy,Alexis,galexiset@disqus.com,Male,Mercedes-Benz
535,Cody,Daily,cdailyeu@storify.com,Male,Suzuki
536,Lil,Ellings,lellingsev@weather.com,Female,Hyundai
537,Alex,Lehrmann,alehrmannew@vkontakte.ru,Male,Cadillac
538,Cary,Tallman,ctallmanex@reddit.com,Female,Audi
539,Elvera,Southcoat,esouthcoatey@shop-pro.jp,Female,Honda
540,Domini,Heersema,dheersemaez@goo.gl,Female,Chevrolet
541,Jose,Tebboth,jtebbothf0@wordpress.com,Male,Mitsubishi
542,Lona,Mattheissen,lmattheissenf1@earthlink.net,Female,Dodge
543,Sibilla,Gribble,sgribblef2@unicef.org,Female,Nissan
544,Fanni,Hothersall,fhothersallf3@pbs.org,Female,Plymouth
545,Fanchon,Delmonti,fdelmontif4@wired.com,Female,Chevrolet
546,Sophey,Dubery,sduberyf5@cisco.com,Female,Toyota
547,Herc,Lipsett,hlipsettf6@cornell.edu,Male,Toyota
548,Virginie,Parren,vparrenf7@irs.gov,Female,Mercury
549,Sollie,Chisholme,schisholmef8@oakley.com,Male,Volvo
550,Abie,Serrels,aserrelsf9@unicef.org,Male,Dodge
551,Uriel,Cainey,ucaineyfa@joomla.org,Male,Saab
552,Ebonee,Runchman,erunchmanfb@hao123.com,Female,Audi
553,Elli,Skelly,eskellyfc@prnewswire.com,Female,Isuzu
554,Roseann,Hoult,rhoultfd@umn.edu,Female,Kia
555,Dyanna,Veldman,dveldmanfe@skype.com,Female,Ford
556,Callida,Shatliff,cshatliffff@soup.io,Female,Dodge
557,Thacher,Werlock,twerlockfg@nhs.uk,Male,Nissan
558,Pedro,Plak,pplakfh@weather.com,Male,Mitsubishi
559,Evan,Lewcock,elewcockfi@people.com.cn,Male,Dodge
560,Dniren,Blakemore,dblakemorefj@timesonline.co.uk,Female,Chevrolet
561,Cornela,Dinse,cdinsefk@bravesites.com,Female,BMW
562,Ernest,Joss,ejossfl@photobucket.com,Male,Honda
563,Chad,Smalcombe,csmalcombefm@odnoklassniki.ru,Male,Kia
564,Angele,McVicar,amcvicarfn@comcast.net,Female,Ford
565,Claire,Reford,crefordfo@nydailynews.com,Female,Lexus
566,Sylvester,Thurborn,sthurbornfp@printfriendly.com,Male,Chevrolet
567,Myrna,Freyne,mfreynefq@furl.net,Female,Audi
568,Ingmar,Otterwell,iotterwellfr@state.gov,Male,Dodge
569,Luca,Maghull,lmaghullfs@digg.com,Male,Mercedes-Benz
570,Nathaniel,Simion,nsimionft@t.co,Male,BMW
571,Major,Coakley,mcoakleyfu@furl.net,Male,Nissan
572,Selina,MacMychem,smacmychemfv@ocn.ne.jp,Female,Mitsubishi
573,Calli,Becker,cbeckerfw@networkadvertising.org,Female,GMC
574,Marianna,Wordington,mwordingtonfx@oaic.gov.au,Female,Mazda
575,Salvidor,Ordelt,sordeltfy@thetimes.co.uk,Male,Ford
576,Ashlie,McGlade,amcgladefz@dedecms.com,Female,Buick
577,Alejoa,Mowbury,amowburyg0@jiathis.com,Male,Oldsmobile
578,Courtney,Sergeant,csergeantg1@usatoday.com,Male,GMC
579,Ber,Legister,blegisterg2@msn.com,Male,Mazda
580,Barby,Coldbathe,bcoldbatheg3@google.pl,Female,Hyundai
581,Everard,Burleton,eburletong4@who.int,Male,Dodge
582,Jaclyn,Caldairou,jcaldairoug5@paypal.com,Female,Mitsubishi
583,Erastus,O'Tuohy,eotuohyg6@sphinn.com,Male,Mercedes-Benz
584,Hazlett,Snoddy,hsnoddyg7@npr.org,Male,Mazda
585,Stanton,Reolfo,sreolfog8@networksolutions.com,Male,Chrysler
586,Giffer,Hardwich,ghardwichg9@paypal.com,Male,Spyker
587,Noah,Santer,nsanterga@edublogs.org,Male,Pontiac
588,Othilia,Timbs,otimbsgb@acquirethisname.com,Female,Pontiac
589,Keri,Maly,kmalygc@issuu.com,Female,Oldsmobile
590,Felizio,Eakin,feakingd@blinklist.com,Male,Suzuki
591,Heloise,Lots,hlotsge@4shared.com,Female,Audi
592,Hugh,Admans,hadmansgf@blogs.com,Male,Lexus
593,Jack,Cannell,jcannellgg@pagesperso-orange.fr,Male,Lexus
594,Gilda,Streat,gstreatgh@walmart.com,Female,Toyota
595,Nichol,Hursthouse,nhursthousegi@dropbox.com,Female,Subaru
596,Iris,Danniel,idannielgj@aboutads.info,Female,Acura
597,Goraud,Blinder,gblindergk@webmd.com,Male,Buick
598,David,Bowles,dbowlesgl@privacy.gov.au,Male,Panoz
599,Shandeigh,Mockett,smockettgm@networksolutions.com,Female,Hyundai
600,Fedora,Sharrard,fsharrardgn@gmpg.org,Female,Volvo
601,Andrej,MacAdam,amacadamgo@eepurl.com,Male,Porsche
602,Ferne,Chisholm,fchisholmgp@mapquest.com,Female,Jeep
603,Niles,Blooman,nbloomangq@mail.ru,Male,Audi
604,Andi,Peacham,apeachamgr@nbcnews.com,Female,Kia
605,Glynis,Dizlie,gdizliegs@domainmarket.com,Female,Dodge
606,Marguerite,Wickstead,mwicksteadgt@toplist.cz,Female,Acura
607,Allie,Belamy,abelamygu@aol.com,Male,Honda
608,Dotty,Dagworthy,ddagworthygv@spiegel.de,Female,Chevrolet
609,Willabella,Andrasch,wandraschgw@comcast.net,Female,Mazda
610,Kellen,Glassard,kglassardgx@privacy.gov.au,Female,Saturn
611,Brent,Redfield,bredfieldgy@gov.uk,Male,Ford
612,Tedmund,Leet,tleetgz@geocities.jp,Male,GMC
613,Cammie,Gladding,cgladdingh0@timesonline.co.uk,Female,Mazda
614,Hamlin,Paskell,hpaskellh1@who.int,Male,Toyota
615,Gonzales,Farquharson,gfarquharsonh2@theatlantic.com,Male,BMW
616,Belia,Cordon,bcordonh3@simplemachines.org,Female,Audi
617,Mickie,Tortis,mtortish4@springer.com,Male,Mitsubishi
618,Fernanda,Dudson,fdudsonh5@istockphoto.com,Female,Mercedes-Benz
619,Tilly,Bound,tboundh6@netscape.com,Female,Porsche
620,Corrianne,Reckus,creckush7@mlb.com,Female,Honda
621,Winonah,Edeson,wedesonh8@tuttocitta.it,Female,Mitsubishi
622,Virgil,Gaythwaite,vgaythwaiteh9@nih.gov,Male,Nissan
623,Vinny,Trevan,vtrevanha@bizjournals.com,Male,Mazda
624,Parsifal,Lamshead,plamsheadhb@state.tx.us,Male,Buick
625,Stephenie,Shinn,sshinnhc@oracle.com,Female,Volkswagen
626,Kelwin,Board,kboardhd@marriott.com,Male,Nissan
627,Forbes,Peters,fpetershe@economist.com,Male,Mercedes-Benz
628,Ephrayim,Novello,enovellohf@cdc.gov,Male,Ford
629,Nobe,Cadamy,ncadamyhg@nationalgeographic.com,Male,Chevrolet
630,Ferdinande,Cogan,fcoganhh@businessinsider.com,Female,Mercedes-Benz
631,Cletus,Twinterman,ctwintermanhi@phpbb.com,Male,Mazda
632,Devlin,Middler,dmiddlerhj@nhs.uk,Male,Ram
633,Karisa,Bankhurst,kbankhursthk@usgs.gov,Female,Acura
634,Forrester,Capitano,fcapitanohl@businessweek.com,Male,Ford
635,Sybyl,Butterwick,sbutterwickhm@usda.gov,Female,Volvo
636,Karon,Byrth,kbyrthhn@mozilla.org,Female,BMW
637,Thorndike,O'Dowd,todowdho@narod.ru,Male,Toyota
638,Mannie,Thredder,mthredderhp@xing.com,Male,Mazda
639,Al,Fogg,afogghq@google.com,Male,GMC
640,Ronna,Jeggo,rjeggohr@marriott.com,Female,Dodge
641,Georgiana,Tomsa,gtomsahs@sciencedirect.com,Female,Pontiac
642,Tan,Coch,tcochht@umn.edu,Male,Plymouth
643,Emanuele,Maude,emaudehu@indiegogo.com,Male,Porsche
644,Jacklin,Gahan,jgahanhv@smh.com.au,Female,Isuzu
645,Shannan,Grey,sgreyhw@live.com,Male,Buick
646,Putnem,Twitchings,ptwitchingshx@ask.com,Male,Hyundai
647,Karyl,Bercevelo,kbercevelohy@nih.gov,Female,Chevrolet
648,Riane,Rutt,rrutthz@live.com,Female,Infiniti
649,Lazarus,Gringley,lgringleyi0@cocolog-nifty.com,Male,Nissan
650,Regen,Pitkeathley,rpitkeathleyi1@free.fr,Male,Ford
651,Arleen,Whorf,awhorfi2@surveymonkey.com,Female,GMC
652,Erl,McAuslan,emcauslani3@pagesperso-orange.fr,Male,Land Rover
653,Rosalind,Robbins,rrobbinsi4@mozilla.org,Female,Jeep
654,Noelani,Shrubb,nshrubbi5@xrea.com,Female,GMC
655,Eugenia,Huban,ehubani6@privacy.gov.au,Female,Mercury
656,Vannie,Ruddin,vruddini7@ovh.net,Female,Geo
657,Thorpe,Adamthwaite,tadamthwaitei8@netvibes.com,Male,Isuzu
658,Harwell,Sulman,hsulmani9@deliciousdays.com,Male,Volkswagen
659,Brooks,Swaffer,bswafferia@hhs.gov,Male,Dodge
660,Shem,Smyth,ssmythib@plala.or.jp,Male,Dodge
661,Nathaniel,Bottom,nbottomic@salon.com,Male,Toyota
662,Sloan,Faragan,sfaraganid@scientificamerican.com,Male,Acura
663,Elsbeth,Suller,esullerie@nationalgeographic.com,Female,Ford
664,Enrique,Lutty,eluttyif@hubpages.com,Male,Dodge
665,Rorie,Baggalley,rbaggalleyig@geocities.jp,Female,Mazda
666,Kessiah,Drinkel,kdrinkelih@seesaa.net,Female,Volvo
667,Blanca,Malinson,bmalinsonii@google.com.hk,Female,GMC
668,Bruno,Lemmers,blemmersij@weibo.com,Male,Nissan
669,Lyman,Jeromson,ljeromsonik@yellowbook.com,Male,Suzuki
670,Brandi,Arnefield,barnefieldil@themeforest.net,Female,Honda
671,Kailey,Lymbourne,klymbourneim@mozilla.org,Female,Buick
672,Marlowe,Gaskill,mgaskillin@dmoz.org,Male,Porsche
673,Adelheid,Jovicevic,ajovicevicio@usatoday.com,Female,Pontiac
674,Martelle,Prazer,mprazerip@springer.com,Female,Toyota
675,Trix,Schutter,tschutteriq@disqus.com,Female,Mazda
676,Ahmad,O'Flaverty,aoflavertyir@rakuten.co.jp,Male,Suzuki
677,Duky,Melanaphy,dmelanaphyis@histats.com,Male,Ford
678,Lawry,Skitt,lskittit@microsoft.com,Male,GMC
679,Kailey,Buckbee,kbuckbeeiu@paginegialle.it,Female,GMC
680,Aidan,Ivan,aivaniv@fastcompany.com,Female,Toyota
681,Sampson,Comber,scomberiw@cbsnews.com,Male,Chevrolet
682,Harriette,MacCumeskey,hmaccumeskeyix@opera.com,Female,Mitsubishi
683,Denny,Dillway,ddillwayiy@furl.net,Male,Mercury
684,Daveta,Tolcher,dtolcheriz@sun.com,Female,Lincoln
685,Sheba,Kohtler,skohtlerj0@miitbeian.gov.cn,Female,Volkswagen
686,Rockey,Bullier,rbullierj1@ustream.tv,Male,Suzuki
687,Lorrin,Hendrichs,lhendrichsj2@wufoo.com,Female,Chevrolet
688,Saul,Giovanizio,sgiovanizioj3@i2i.jp,Male,Porsche
689,Lyn,Battleson,lbattlesonj4@trellian.com,Male,Chevrolet
690,Atlante,Melson,amelsonj5@bloglovin.com,Female,GMC
691,Ogdan,Rablan,orablanj6@comcast.net,Male,Suzuki
692,Micheline,Nesbeth,mnesbethj7@washington.edu,Female,Ford
693,Layne,Eles,lelesj8@theglobeandmail.com,Female,Volkswagen
694,Celesta,Christofor,cchristoforj9@addtoany.com,Female,Toyota
695,Flor,Cripin,fcripinja@pbs.org,Female,Pontiac
696,Joyous,Strickland,jstricklandjb@ezinearticles.com,Female,Chrysler
697,Steffi,Jopling,sjoplingjc@xing.com,Female,Honda
698,Julienne,Lomaz,jlomazjd@lycos.com,Female,Oldsmobile
699,Darn,Elby,delbyje@technorati.com,Male,Chevrolet
700,Swen,Yukhnini,syukhninijf@slashdot.org,Male,Lexus
701,Brockie,Bravery,bbraveryjg@google.fr,Male,Toyota
702,Guthry,Banbrigge,gbanbriggejh@sohu.com,Male,GMC
703,Theodore,Davisson,tdavissonji@youku.com,Male,Audi
704,Lorianne,Nizet,lnizetjj@1688.com,Female,Jeep
705,Hobard,Langstaff,hlangstaffjk@naver.com,Male,Subaru
706,Cly,Klageman,cklagemanjl@hibu.com,Male,Saab
707,Sonnnie,Belverstone,sbelverstonejm@xinhuanet.com,Female,Honda
708,Zachary,Challiss,zchallissjn@tuttocitta.it,Male,Toyota
709,Nicolis,Norris,nnorrisjo@photobucket.com,Male,Chevrolet
710,Imojean,Domerc,idomercjp@bing.com,Female,Toyota
711,Cesya,O'Hartnedy,cohartnedyjq@deliciousdays.com,Female,Pontiac
712,Benton,Boss,bbossjr@tmall.com,Male,Chevrolet
713,Lothario,Gribbins,lgribbinsjs@miitbeian.gov.cn,Male,Acura
714,Koral,Drable,kdrablejt@reverbnation.com,Female,Ford
715,Flor,Spatari,fspatariju@oaic.gov.au,Female,Dodge
716,Gerard,Skoof,gskoofjv@sourceforge.net,Male,Mercury
717,Emelda,Crosby,ecrosbyjw@over-blog.com,Female,Chevrolet
718,Terrill,Sloam,tsloamjx@msn.com,Male,Jaguar
719,Archibald,Mynett,amynettjy@washington.edu,Male,Ford
720,Adi,Nudd,anuddjz@drupal.org,Female,GMC
721,Guglielma,Revan,grevank0@ca.gov,Female,Daewoo
722,Stefa,Finnis,sfinnisk1@ifeng.com,Female,Mercury
723,Flora,Threlkeld,fthrelkeldk2@example.com,Female,Suzuki
724,Jeffry,McNeachtain,jmcneachtaink3@goo.gl,Male,Oldsmobile
725,Ellwood,Clutton,ecluttonk4@sphinn.com,Male,GMC
726,Amalia,Wasielewicz,awasielewiczk5@cbslocal.com,Female,Mercury
727,Olivie,Lorincz,olorinczk6@instagram.com,Female,Mitsubishi
728,Jami,Caro,jcarok7@lulu.com,Female,Mazda
729,Lammond,Mattioni,lmattionik8@squidoo.com,Male,Suzuki
730,Yance,Snelgar,ysnelgark9@smh.com.au,Male,Daewoo
731,Jaquith,Stennings,jstenningska@hud.gov,Female,Mazda
732,Lewie,Nisen,lnisenkb@ning.com,Male,Lincoln
733,Sidoney,Tidmarsh,stidmarshkc@bloglovin.com,Female,Plymouth
734,Lezley,Have,lhavekd@census.gov,Male,Saturn
735,Sharleen,Adamiak,sadamiakke@purevolume.com,Female,Mercedes-Benz
736,Hilary,McCurtin,hmccurtinkf@blogger.com,Male,Hyundai
737,Keven,Simonitto,ksimonittokg@bluehost.com,Male,Toyota
738,Basile,Tulk,btulkkh@rambler.ru,Male,Honda
739,Blondy,Caren,bcarenki@senate.gov,Female,Mazda
740,Sydelle,Nolleth,snollethkj@mysql.com,Female,Chrysler
741,Jody,Muggach,jmuggachkk@archive.org,Male,Aston Martin
742,Arlene,Borrie,aborriekl@upenn.edu,Female,Mercedes-Benz
743,Sheela,Heathwood,sheathwoodkm@salon.com,Female,Pontiac
744,Davy,Richings,drichingskn@howstuffworks.com,Male,Ford
745,Loree,Renison,lrenisonko@yahoo.co.jp,Female,Acura
746,Glory,Thring,gthringkp@people.com.cn,Female,Porsche
747,Lacy,Truter,ltruterkq@ocn.ne.jp,Female,Mitsubishi
748,Kinny,Lorden,klordenkr@google.com.hk,Male,Mitsubishi
749,Stanwood,Winterscale,swinterscaleks@wsj.com,Male,Chevrolet
750,Bettye,Dyet,bdyetkt@com.com,Female,Lexus
751,Kin,Shyre,kshyreku@sciencedaily.com,Male,Lamborghini
752,Charlot,Mattioli,cmattiolikv@free.fr,Female,Plymouth
753,Nicolette,Cartmell,ncartmellkw@slate.com,Female,Isuzu
754,Clarine,Yokelman,cyokelmankx@oakley.com,Female,BMW
755,Mano,Valentetti,mvalentettiky@de.vu,Male,Volvo
756,Hatti,Tappington,htappingtonkz@friendfeed.com,Female,Toyota
757,Mitchael,Dudin,mdudinl0@fotki.com,Male,Lamborghini
758,Leland,Greggs,lgreggsl1@webs.com,Female,Chevrolet
759,Robb,Rasmus,rrasmusl2@cocolog-nifty.com,Male,Plymouth
760,Belva,Middlemass,bmiddlemassl3@bloglines.com,Female,Cadillac
761,Northrup,Stennings,nstenningsl4@amazonaws.com,Male,Ford
762,Creigh,Roggieri,croggieril5@cmu.edu,Male,Plymouth
763,Revkah,Greenstock,rgreenstockl6@histats.com,Female,Saturn
764,Lenard,Amberson,lambersonl7@berkeley.edu,Male,Ferrari
765,Ulrika,Butterly,ubutterlyl8@angelfire.com,Female,Subaru
766,Krystle,Colwill,kcolwilll9@trellian.com,Female,Ram
767,Cazzie,Quiddington,cquiddingtonla@google.com.hk,Male,GMC
768,Freddy,Laurent,flaurentlb@sitemeter.com,Female,Audi
769,Maurizio,Kinavan,mkinavanlc@fastcompany.com,Male,Chevrolet
770,Georgine,Crockatt,gcrockattld@auda.org.au,Female,Porsche
771,Lorinda,MacKellar,lmackellarle@pbs.org,Female,Lincoln
772,Miller,Benedito,mbeneditolf@nationalgeographic.com,Male,Rolls-Royce
773,Holli,Corbould,hcorbouldlg@histats.com,Female,Toyota
774,Corny,Kennea,ckennealh@lulu.com,Male,Lotus
775,Georgina,Brownjohn,gbrownjohnli@businesswire.com,Female,Dodge
776,Tova,Saill,tsailllj@fema.gov,Female,Toyota
777,Valina,McDugal,vmcdugallk@hibu.com,Female,Acura
778,Leonard,Burner,lburnerll@mit.edu,Male,Volvo
779,Kile,Durdle,kdurdlelm@live.com,Male,Cadillac
780,Orrin,Airy,oairyln@stanford.edu,Male,Ford
781,Caro,Jaukovic,cjaukoviclo@loc.gov,Female,Chevrolet
782,Hastings,Gymlett,hgymlettlp@hc360.com,Male,Pontiac
783,Audrey,Wernher,awernherlq@scribd.com,Female,Plymouth
784,Elwyn,Trinder,etrinderlr@nyu.edu,Male,Chrysler
785,Benetta,Tomkin,btomkinls@mapquest.com,Female,GMC
786,Carmelita,Curd,ccurdlt@barnesandnoble.com,Female,Plymouth
787,Angel,Heavens,aheavenslu@netscape.com,Male,Ford
788,Abramo,Van den Bosch,avandenboschlv@bloglovin.com,Male,Infiniti
789,Alexina,Arens,aarenslw@smh.com.au,Female,Daewoo
790,Flemming,Mauser,fmauserlx@shareasale.com,Male,Ford
791,Shannon,Filipic,sfilipicly@wikimedia.org,Male,Mercury
792,Crissy,Rudloff,crudlofflz@ftc.gov,Female,Acura
793,Christy,Sporrij,csporrijm0@howstuffworks.com,Male,Ford
794,Emlen,Plomer,eplomerm1@accuweather.com,Male,Subaru
795,Red,Bing,rbingm2@marriott.com,Male,Dodge
796,Obie,Mattiassi,omattiassim3@icio.us,Male,Ford
797,Udale,Sammonds,usammondsm4@google.it,Male,Geo
798,Billye,Le Marchand,blemarchandm5@sohu.com,Female,Saab
799,Brew,Kreutzer,bkreutzerm6@wordpress.com,Male,Hyundai
800,Shel,Bartolommeo,sbartolommeom7@usa.gov,Female,Ford
801,Moria,Scrogges,mscroggesm8@yellowbook.com,Female,Buick
802,Elwyn,Durtnal,edurtnalm9@stumbleupon.com,Male,Chrysler
803,Leda,Gibbard,lgibbardma@about.com,Female,Volkswagen
804,Faith,Willshaw,fwillshawmb@abc.net.au,Female,Chevrolet
805,Artemis,Sousa,asousamc@unc.edu,Male,Toyota
806,Ethelda,Pilipyak,epilipyakmd@un.org,Female,BMW
807,Taber,Scollick,tscollickme@liveinternet.ru,Male,Kia
808,Leopold,Mc Gee,lmcgeemf@imageshack.us,Male,Volkswagen
809,Starr,Wisniewski,swisniewskimg@twitpic.com,Female,Chevrolet
810,Rycca,Rummer,rrummermh@thetimes.co.uk,Female,Toyota
811,Ripley,Nund,rnundmi@fda.gov,Male,Volkswagen
812,Jerry,Fines,jfinesmj@blogs.com,Female,Ford
813,Angel,Dillon,adillonmk@techcrunch.com,Male,Holden
814,Matty,Radbourn,mradbournml@opera.com,Male,Jeep
815,Howard,Hick,hhickmm@jimdo.com,Male,Nissan
816,Edgardo,Hanrott,ehanrottmn@seattletimes.com,Male,Volkswagen
817,Celinda,Bessey,cbesseymo@reverbnation.com,Female,Toyota
818,Sergio,Flobert,sflobertmp@hatena.ne.jp,Male,Chevrolet
819,Massimo,Crooke,mcrookemq@reference.com,Male,Mercedes-Benz
820,Georgina,Milbourne,gmilbournemr@omniture.com,Female,Mercury
821,Jolene,Wyrill,jwyrillms@weibo.com,Female,Honda
822,Orton,Leil,oleilmt@behance.net,Male,Mercedes-Benz
823,Eddy,Blueman,ebluemanmu@barnesandnoble.com,Male,Chevrolet
824,Corrie,Linck,clinckmv@creativecommons.org,Female,Jeep
825,Cassius,Kraft,ckraftmw@weibo.com,Male,Pontiac
826,Haley,O' Driscoll,hodriscollmx@i2i.jp,Female,Cadillac
827,Ardra,Rackley,arackleymy@mayoclinic.com,Female,Saturn
828,Sigismundo,Shivell,sshivellmz@google.ru,Male,GMC
829,Faustina,Clemens,fclemensn0@ustream.tv,Female,Ford
830,Stanfield,McCalum,smccalumn1@flickr.com,Male,Ford
831,Matty,Savatier,msavatiern2@shareasale.com,Female,Nissan
832,Kamilah,Peat,kpeatn3@prnewswire.com,Female,Plymouth
833,Zeb,Cherrett,zcherrettn4@tiny.cc,Male,Lexus
834,Harlan,Seabourne,hseabournen5@booking.com,Male,Saab
835,Elli,Abadam,eabadamn6@cmu.edu,Female,Oldsmobile
836,Cam,Basilone,cbasilonen7@usnews.com,Male,Pontiac
837,Zerk,McSperrin,zmcsperrinn8@si.edu,Male,Subaru
838,Felisha,Dyshart,fdyshartn9@twitpic.com,Female,Saturn
839,Nance,Sames,nsamesna@acquirethisname.com,Female,Honda
840,Raymund,Beagles,rbeaglesnb@istockphoto.com,Male,Mercedes-Benz
841,Torrie,Welburn,twelburnnc@eventbrite.com,Female,Lexus
842,Meryl,Lindsley,mlindsleynd@un.org,Female,Ford
843,Virgilio,Tarney,vtarneyne@squarespace.com,Male,Buick
844,Annaliese,Whalebelly,awhalebellynf@ning.com,Female,Hyundai
845,Miquela,Haibel,mhaibelng@printfriendly.com,Female,Mercedes-Benz
846,Kent,Graysmark,kgraysmarknh@ucoz.com,Male,Saab
847,Stanley,Messam,smessamni@privacy.gov.au,Male,Ford
848,Kimberley,McLennan,kmclennannj@addthis.com,Female,BMW
849,Serge,De Blasio,sdeblasionk@is.gd,Male,Bentley
850,Chip,Messer,cmessernl@usa.gov,Male,Audi
851,Nicolis,Pesterfield,npesterfieldnm@liveinternet.ru,Male,Mazda
852,Glen,Kennealy,gkennealynn@slideshare.net,Male,Mitsubishi
853,Mervin,Meharry,mmeharryno@china.com.cn,Male,GMC
854,Gary,Dowyer,gdowyernp@wikimedia.org,Male,Pontiac
855,Karmen,Lapworth,klapworthnq@mtv.com,Female,Dodge
856,Kimbell,Bevir,kbevirnr@ocn.ne.jp,Male,Volkswagen
857,Dorella,Rossbrook,drossbrookns@bloomberg.com,Female,Volvo
858,Eliot,Linnitt,elinnittnt@nyu.edu,Male,Mercedes-Benz
859,Ferdie,Giacomasso,fgiacomassonu@aboutads.info,Male,Scion
860,Eleen,Blakeston,eblakestonnv@baidu.com,Female,Honda
861,Dalenna,Coils,dcoilsnw@bluehost.com,Female,Volkswagen
862,Zondra,O'Carney,zocarneynx@arizona.edu,Female,Mercury
863,Brittani,Mateus,bmateusny@businessweek.com,Female,Lexus
864,Tiphanie,Stobbart,tstobbartnz@google.pl,Female,Chevrolet
865,Harriett,Goudman,hgoudmano0@hp.com,Female,Oldsmobile
866,Fannie,Spark,fsparko1@ning.com,Female,Toyota
867,Frederico,McLucky,fmcluckyo2@sogou.com,Male,Lincoln
868,Benjamin,Huncoot,bhuncooto3@reddit.com,Male,Lincoln
869,Oswell,Lown,olowno4@csmonitor.com,Male,Mercedes-Benz
870,Marquita,Aven,maveno5@vinaora.com,Female,Cadillac
871,Cristobal,Claige,cclaigeo6@squarespace.com,Male,Chevrolet
872,Jerry,Boteman,jbotemano7@aol.com,Male,Lexus
873,Tonia,Hawick,thawicko8@usatoday.com,Female,Acura
874,Ruddie,Dykes,rdykeso9@dailymail.co.uk,Male,Acura
875,Aarika,Lougheid,alougheidoa@cbsnews.com,Female,Chevrolet
876,Lauretta,Rutherford,lrutherfordob@skype.com,Female,GMC
877,Suzi,Baillie,sbaillieoc@netscape.com,Female,Ford
878,Diarmid,Gerrens,dgerrensod@ustream.tv,Male,Dodge
879,Delano,Stubbeley,dstubbeleyoe@bravesites.com,Male,Toyota
880,Perry,Hulke,phulkeof@nytimes.com,Female,Volkswagen
881,Jewel,Fabri,jfabriog@4shared.com,Female,Scion
882,Jeth,Eskrigge,jeskriggeoh@ycombinator.com,Male,Dodge
883,Meg,Showalter,mshowalteroi@chicagotribune.com,Female,Chrysler
884,Quent,Grinikhin,qgrinikhinoj@unc.edu,Male,Mazda
885,Avie,Berk,aberkok@adobe.com,Female,Mazda
886,Saree,Knudsen,sknudsenol@amazon.co.jp,Female,Nissan
887,Bamby,Laurentin,blaurentinom@tiny.cc,Female,Nissan
888,Katusha,McVitie,kmcvitieon@amazon.co.uk,Female,Suzuki
889,Charity,Spurr,cspurroo@loc.gov,Female,Ford
890,Arlette,Castiglio,acastiglioop@ustream.tv,Female,Chevrolet
891,Heda,Sandbatch,hsandbatchoq@gnu.org,Female,Mazda
892,Jenna,Diggar,jdiggaror@typepad.com,Female,Volkswagen
893,Skell,Cockson,scocksonos@hhs.gov,Male,Mercury
894,Bridget,Stamp,bstampot@unc.edu,Female,Mercedes-Benz
895,Packston,Mease,pmeaseou@fema.gov,Male,Dodge
896,Frederik,Winspire,fwinspireov@nature.com,Male,Toyota
897,Duane,Cousin,dcousinow@odnoklassniki.ru,Male,Chevrolet
898,Jeffy,Schaumaker,jschaumakerox@ucsd.edu,Male,Suzuki
899,Marylee,Dunstall,mdunstalloy@gravatar.com,Female,Jaguar
900,Thorpe,Cammoile,tcammoileoz@kickstarter.com,Male,Buick
901,Preston,Pacher,ppacherp0@bbb.org,Male,Hyundai
902,Hurleigh,Ferrick,hferrickp1@hugedomains.com,Male,Toyota
903,Rora,Bardwall,rbardwallp2@umich.edu,Female,Chevrolet
904,Berget,Albinson,balbinsonp3@wp.com,Female,Eagle
905,Jeremiah,Napleton,jnapletonp4@bing.com,Male,Bentley
906,Candy,Gerardi,cgerardip5@barnesandnoble.com,Female,Mazda
907,Cher,Notton,cnottonp6@cnn.com,Female,Volkswagen
908,Reynard,Skeldinge,rskeldingep7@merriam-webster.com,Male,BMW
909,Dylan,Isard,disardp8@histats.com,Male,Saab
910,Joete,Geroldi,jgeroldip9@cdbaby.com,Female,Scion
911,Orbadiah,Rosin,orosinpa@cornell.edu,Male,Volkswagen
912,Madel,Fossey,mfosseypb@simplemachines.org,Female,Ford
913,Mic,Hyne,mhynepc@independent.co.uk,Male,Lotus
914,Florina,Rucklesse,frucklessepd@utexas.edu,Female,Ford
915,Bengt,Rickarsey,brickarseype@mit.edu,Male,Cadillac
916,Maren,Ackermann,mackermannpf@soundcloud.com,Female,Mercedes-Benz
917,Randi,Holhouse,rholhousepg@icq.com,Female,Toyota
918,Karia,Kave,kkaveph@cbc.ca,Female,GMC
919,Niels,Ridding,nriddingpi@tinyurl.com,Male,Saturn
920,Shurlock,Planque,splanquepj@naver.com,Male,Porsche
921,Erinn,Trowbridge,etrowbridgepk@telegraph.co.uk,Female,Dodge
922,Charlean,Bosse,cbossepl@soundcloud.com,Female,Infiniti
923,Gage,Hext,ghextpm@exblog.jp,Male,Honda
924,Brett,Chetwin,bchetwinpn@cafepress.com,Female,Kia
925,Lari,Bromet,lbrometpo@a8.net,Female,GMC
926,Batsheva,Shortcliffe,bshortcliffepp@netscape.com,Female,Toyota
927,Gerhardine,Swadden,gswaddenpq@ow.ly,Female,Mercury
928,Cindelyn,Janovsky,cjanovskypr@cornell.edu,Female,Pontiac
929,Carolina,Jeannenet,cjeannenetps@privacy.gov.au,Female,Hyundai
930,Joey,Kelsall,jkelsallpt@purevolume.com,Male,Ford
931,Ervin,Pedrielli,epedriellipu@hc360.com,Male,Chevrolet
932,Violet,Fley,vfleypv@ebay.co.uk,Female,Ford
933,Roderick,Millott,rmillottpw@behance.net,Male,BMW
934,Prescott,Petett,ppetettpx@topsy.com,Male,Acura
935,Christy,Pretious,cpretiouspy@shinystat.com,Female,GMC
936,Sybil,Darrach,sdarrachpz@clickbank.net,Female,Acura
937,Robin,Gresty,rgrestyq0@homestead.com,Male,Chevrolet
938,Aime,Yardley,ayardleyq1@freewebs.com,Female,Chevrolet
939,Blair,MacNeilage,bmacneilageq2@gravatar.com,Female,Chevrolet
940,Hieronymus,Pearse,hpearseq3@addthis.com,Male,Ford
941,Dino,Ronaghan,dronaghanq4@deviantart.com,Male,Audi
942,Claiborne,Labro,clabroq5@whitehouse.gov,Male,Ford
943,Aigneis,Beceril,abecerilq6@indiatimes.com,Female,Toyota
944,Olivia,Jorn,ojornq7@webs.com,Female,Mercury
945,Jeremy,Fursse,jfursseq8@sbwire.com,Male,Jeep
946,Jan,Tickel,jtickelq9@loc.gov,Female,BMW
947,Goraud,Spillard,gspillardqa@freewebs.com,Male,Ford
948,Romola,Gabites,rgabitesqb@newsvine.com,Female,Nissan
949,Bondy,McIlwraith,bmcilwraithqc@exblog.jp,Male,Volkswagen
950,Guillermo,Dufour,gdufourqd@amazonaws.com,Male,Rolls-Royce
951,Arlee,Foresight,aforesightqe@ow.ly,Female,Hummer
952,Christian,Monni,cmonniqf@topsy.com,Female,Volkswagen
953,Harrison,Werny,hwernyqg@addthis.com,Male,Chevrolet
954,Dari,Abrahart,dabrahartqh@sbwire.com,Female,Volvo
955,Benjie,Kellard,bkellardqi@cnn.com,Male,Bentley
956,Borden,Roskell,broskellqj@businessinsider.com,Male,Mitsubishi
957,Orella,Lyptrade,olyptradeqk@weebly.com,Female,Ford
958,Willyt,O'Bradden,wobraddenql@adobe.com,Female,Honda
959,Morgun,Fannin,mfanninqm@dedecms.com,Male,Mazda
960,Aurelia,Tures,aturesqn@sogou.com,Female,Mercedes-Benz
961,Albie,Ayrs,aayrsqo@toplist.cz,Male,Mitsubishi
962,Vidovik,Dullingham,vdullinghamqp@yolasite.com,Male,Mercedes-Benz
963,Beatrice,Viles,bvilesqq@cam.ac.uk,Female,Toyota
964,Cad,Soro,csoroqr@earthlink.net,Male,Subaru
965,Finn,Tomasi,ftomasiqs@mediafire.com,Male,Saab
966,Erminia,Gilchrist,egilchristqt@printfriendly.com,Female,Ford
967,Chery,Dochon,cdochonqu@epa.gov,Female,Jaguar
968,Murial,Penddreth,mpenddrethqv@yandex.ru,Female,Lexus
969,Halimeda,Donaldson,hdonaldsonqw@icq.com,Female,Nissan
970,Odille,Goldring,ogoldringqx@godaddy.com,Female,Hyundai
971,Adolph,Fothergill,afothergillqy@tmall.com,Male,Hummer
972,Britteny,Dungey,bdungeyqz@bbc.co.uk,Female,Oldsmobile
973,Helenka,Upstone,hupstoner0@latimes.com,Female,Buick
974,Eliza,De Winton,edewintonr1@instagram.com,Female,Isuzu
975,Joanne,Reyner,jreynerr2@ifeng.com,Female,Jaguar
976,Dari,Slate,dslater3@skype.com,Female,Pontiac
977,Bond,Whistlecraft,bwhistlecraftr4@imgur.com,Male,Ford
978,Donalt,Corking,dcorkingr5@hhs.gov,Male,Saturn
979,Sebastiano,Goodley,sgoodleyr6@blogs.com,Male,GMC
980,Robinet,Brislawn,rbrislawnr7@wunderground.com,Male,Toyota
981,Gaven,Heustice,gheusticer8@gov.uk,Male,Maserati
982,Langston,Roser,lroserr9@ox.ac.uk,Male,Honda
983,Gerry,Babbe,gbabbera@nbcnews.com,Male,Acura
984,Richardo,Massot,rmassotrb@wix.com,Male,Mitsubishi
985,Cathy,Verrier,cverrierrc@nydailynews.com,Female,GMC
986,Rossy,Carlo,rcarlord@topsy.com,Male,Land Rover
987,Felice,Jovis,fjovisre@ow.ly,Male,Mercury
988,Marillin,Vodden,mvoddenrf@myspace.com,Female,Mercury
989,Dexter,Bishell,dbishellrg@t.co,Male,Mitsubishi
990,Godfrey,Rapper,grapperrh@shutterfly.com,Male,Chevrolet
991,Cass,Torricina,ctorricinari@hibu.com,Female,Honda
992,Starlene,Picknett,spicknettrj@microsoft.com,Female,Bentley
993,Martyn,Pohl,mpohlrk@statcounter.com,Male,Ford
994,Clarita,Norcutt,cnorcuttrl@shutterfly.com,Female,Ford
995,Lauree,Kenaway,lkenawayrm@drupal.org,Female,Ford
996,Clare,Freshwater,cfreshwaterrn@fema.gov,Female,Nissan
997,Viole,Letrange,vletrangero@hao123.com,Female,Chevrolet
998,Tim,Colvill,tcolvillrp@storify.com,Female,GMC
999,Benny,Wafer,bwaferrq@tinypic.com,Female,Citron
1000,Addia,Sedgebeer,asedgebeerrr@gov.uk,Female,Lexus
